Day,Animal number,Plants number,Free positions number,Genotype ranking,Average energy level,Average dead lifespan,Average children number
1,14,31,211,[(genotype: 7737, frequency: 1), (genotype: 6300, frequency: 1), (genotype: 6263, frequency: 1)],52,214286,0,000000,0,000000
2,14,33,211,[(genotype: 7737, frequency: 1), (genotype: 6300, frequency: 1), (genotype: 6263, frequency: 1)],53,357143,0,000000,0,000000
3,15,35,212,[(genotype: 7737, frequency: 1), (genotype: 6300, frequency: 1), (genotype: 6263, frequency: 1)],50,866667,0,000000,0,133333
4,15,39,211,[(genotype: 7737, frequency: 1), (genotype: 6300, frequency: 1), (genotype: 6263, frequency: 1)],49,866667,0,000000,0,133333
5,15,42,210,[(genotype: 7737, frequency: 1), (genotype: 6300, frequency: 1), (genotype: 6263, frequency: 1)],49,866667,0,000000,0,133333
6,16,43,211,[(genotype: 7737, frequency: 1), (genotype: 6300, frequency: 1), (genotype: 6263, frequency: 1)],48,625000,0,000000,0,250000
7,16,43,209,[(genotype: 7737, frequency: 1), (genotype: 6300, frequency: 1), (genotype: 6263, frequency: 1)],51,375000,0,000000,0,250000
8,16,42,210,[(genotype: 7737, frequency: 1), (genotype: 6300, frequency: 1), (genotype: 6263, frequency: 1)],55,062500,0,000000,0,250000
9,17,43,210,[(genotype: 7737, frequency: 1), (genotype: 7702, frequency: 1), (genotype: 6300, frequency: 1)],53,529412,0,000000,0,352941
10,17,45,208,[(genotype: 7737, frequency: 1), (genotype: 7702, frequency: 1), (genotype: 6300, frequency: 1)],54,294118,0,000000,0,352941
11,17,47,209,[(genotype: 7737, frequency: 1), (genotype: 7702, frequency: 1), (genotype: 6300, frequency: 1)],55,058824,0,000000,0,352941
12,17,50,208,[(genotype: 7737, frequency: 1), (genotype: 7702, frequency: 1), (genotype: 6300, frequency: 1)],54,941176,0,000000,0,352941
13,17,50,208,[(genotype: 7737, frequency: 1), (genotype: 7702, frequency: 1), (genotype: 6300, frequency: 1)],57,470588,0,000000,0,352941
14,18,51,210,[(genotype: 7737, frequency: 1), (genotype: 7702, frequency: 1), (genotype: 6300, frequency: 1)],55,833333,0,000000,0,444444
15,19,54,208,[(genotype: 7737, frequency: 1), (genotype: 7702, frequency: 1), (genotype: 6300, frequency: 1)],52,736842,0,000000,0,526316
16,20,56,207,[(genotype: 7737, frequency: 1), (genotype: 7702, frequency: 1), (genotype: 6300, frequency: 1)],50,650000,0,000000,0,600000
17,20,56,208,[(genotype: 7737, frequency: 1), (genotype: 7702, frequency: 1), (genotype: 6300, frequency: 1)],52,650000,0,000000,0,600000
18,21,58,208,[(genotype: 7737, frequency: 1), (genotype: 7702, frequency: 1), (genotype: 6300, frequency: 1)],50,619048,0,000000,0,666667
19,23,60,208,[(genotype: 2552, frequency: 2), (genotype: 7737, frequency: 1), (genotype: 7702, frequency: 1)],46,608696,0,000000,0,782609
20,24,62,205,[(genotype: 2552, frequency: 2), (genotype: 2312, frequency: 2), (genotype: 7737, frequency: 1)],44,958333,0,000000,0,833333
21,24,61,202,[(genotype: 2552, frequency: 2), (genotype: 2312, frequency: 2), (genotype: 7737, frequency: 1)],47,083333,0,000000,0,833333
22,25,61,206,[(genotype: 2552, frequency: 2), (genotype: 2312, frequency: 2), (genotype: 1445, frequency: 2)],46,640000,0,000000,0,880000
23,25,61,202,[(genotype: 2552, frequency: 2), (genotype: 2312, frequency: 2), (genotype: 1445, frequency: 2)],48,040000,0,000000,0,880000
24,25,62,202,[(genotype: 2552, frequency: 2), (genotype: 2312, frequency: 2), (genotype: 1445, frequency: 2)],48,840000,0,000000,0,880000
25,25,63,200,[(genotype: 2552, frequency: 2), (genotype: 2312, frequency: 2), (genotype: 1445, frequency: 2)],49,640000,0,000000,0,880000
26,26,61,201,[(genotype: 2552, frequency: 2), (genotype: 2312, frequency: 2), (genotype: 1445, frequency: 2)],50,230769,0,000000,0,923077
27,26,61,200,[(genotype: 2552, frequency: 2), (genotype: 2312, frequency: 2), (genotype: 1445, frequency: 2)],51,538462,0,000000,0,923077
28,26,62,201,[(genotype: 2552, frequency: 2), (genotype: 2312, frequency: 2), (genotype: 1445, frequency: 2)],52,269231,0,000000,0,923077
29,27,66,202,[(genotype: 2626, frequency: 2), (genotype: 2552, frequency: 2), (genotype: 2312, frequency: 2)],49,370370,0,000000,0,962963
30,27,65,201,[(genotype: 2626, frequency: 2), (genotype: 2552, frequency: 2), (genotype: 2312, frequency: 2)],51,148148,0,000000,0,962963
31,27,67,200,[(genotype: 2626, frequency: 2), (genotype: 2552, frequency: 2), (genotype: 2312, frequency: 2)],51,259259,0,000000,0,962963
32,27,67,200,[(genotype: 2626, frequency: 2), (genotype: 2552, frequency: 2), (genotype: 2312, frequency: 2)],52,481481,0,000000,0,962963
33,29,68,202,[(genotype: 2626, frequency: 2), (genotype: 2552, frequency: 2), (genotype: 2312, frequency: 2)],49,482759,0,000000,1,034483
34,30,66,200,[(genotype: 3002, frequency: 2), (genotype: 2626, frequency: 2), (genotype: 2552, frequency: 2)],49,866667,0,000000,1,066667
35,30,63,200,[(genotype: 2552, frequency: 3), (genotype: 3002, frequency: 2), (genotype: 2626, frequency: 2)],52,400000,29,000000,1,100000
36,30,66,197,[(genotype: 2552, frequency: 3), (genotype: 3002, frequency: 2), (genotype: 2626, frequency: 2)],51,900000,29,000000,1,100000
37,31,65,197,[(genotype: 2552, frequency: 3), (genotype: 3002, frequency: 2), (genotype: 2626, frequency: 2)],51,677419,29,000000,1,129032
38,32,63,202,[(genotype: 2552, frequency: 3), (genotype: 3002, frequency: 2), (genotype: 2626, frequency: 2)],51,906250,29,000000,1,156250
39,33,65,197,[(genotype: 2552, frequency: 3), (genotype: 3002, frequency: 2), (genotype: 2626, frequency: 2)],50,272727,29,000000,1,181818
40,34,64,195,[(genotype: 2552, frequency: 3), (genotype: 2312, frequency: 3), (genotype: 3002, frequency: 2)],50,029412,29,000000,1,205882
41,34,59,192,[(genotype: 2552, frequency: 3), (genotype: 2312, frequency: 3), (genotype: 3002, frequency: 2)],52,294118,29,000000,1,205882
42,33,57,194,[(genotype: 2552, frequency: 3), (genotype: 2312, frequency: 3), (genotype: 3002, frequency: 2)],55,606061,35,500000,1,242424
43,34,53,194,[(genotype: 2552, frequency: 3), (genotype: 2312, frequency: 3), (genotype: 3002, frequency: 2)],56,088235,35,500000,1,264706
44,36,52,195,[(genotype: 2552, frequency: 3), (genotype: 2312, frequency: 3), (genotype: 3002, frequency: 2)],53,083333,35,500000,1,305556
45,37,51,192,[(genotype: 2552, frequency: 3), (genotype: 2502, frequency: 3), (genotype: 3002, frequency: 2)],52,729730,25,333333,1,378378
46,37,51,192,[(genotype: 2552, frequency: 3), (genotype: 2502, frequency: 3), (genotype: 3002, frequency: 2)],52,945946,25,333333,1,378378
47,37,50,192,[(genotype: 2552, frequency: 3), (genotype: 2502, frequency: 3), (genotype: 3002, frequency: 2)],53,162162,25,333333,1,378378
48,39,51,193,[(genotype: 2502, frequency: 4), (genotype: 2552, frequency: 3), (genotype: 3002, frequency: 2)],50,641026,25,333333,1,410256
49,39,51,195,[(genotype: 2552, frequency: 4), (genotype: 2502, frequency: 4), (genotype: 3002, frequency: 2)],51,205128,25,750000,1,461538
50,40,49,191,[(genotype: 2502, frequency: 5), (genotype: 2552, frequency: 4), (genotype: 3002, frequency: 2)],51,200000,25,750000,1,475000
51,43,48,196,[(genotype: 2552, frequency: 5), (genotype: 2502, frequency: 5), (genotype: 2626, frequency: 3)],48,441860,25,750000,1,511628
52,46,50,191,[(genotype: 2552, frequency: 5), (genotype: 2502, frequency: 5), (genotype: 2626, frequency: 3)],45,000000,25,750000,1,543478
53,46,45,188,[(genotype: 2552, frequency: 5), (genotype: 2502, frequency: 5), (genotype: 2626, frequency: 3)],46,956522,31,200000,1,565217
54,48,44,186,[(genotype: 2552, frequency: 5), (genotype: 2502, frequency: 5), (genotype: 6263, frequency: 3)],45,604167,31,200000,1,583333
55,47,42,184,[(genotype: 2552, frequency: 5), (genotype: 2502, frequency: 5), (genotype: 6263, frequency: 3)],47,510638,38,000000,1,574468
56,48,40,184,[(genotype: 2552, frequency: 5), (genotype: 2502, frequency: 5), (genotype: 6263, frequency: 3)],47,416667,38,000000,1,583333
57,48,40,184,[(genotype: 2552, frequency: 5), (genotype: 2502, frequency: 5), (genotype: 6263, frequency: 3)],47,687500,38,500000,1,625000
58,47,41,184,[(genotype: 2552, frequency: 5), (genotype: 2502, frequency: 5), (genotype: 6263, frequency: 3)],48,659574,38,888889,1,659574
59,49,37,186,[(genotype: 2552, frequency: 5), (genotype: 2502, frequency: 5), (genotype: 2626, frequency: 4)],48,163265,38,888889,1,673469
60,52,38,184,[(genotype: 2552, frequency: 5), (genotype: 2502, frequency: 5), (genotype: 6263, frequency: 4)],45,307692,38,888889,1,692308
61,53,38,181,[(genotype: 2552, frequency: 5), (genotype: 2502, frequency: 5), (genotype: 6263, frequency: 4)],44,603774,38,888889,1,698113
62,55,36,183,[(genotype: 6263, frequency: 5), (genotype: 2552, frequency: 5), (genotype: 2502, frequency: 5)],43,654545,38,888889,1,709091
63,56,34,181,[(genotype: 6263, frequency: 5), (genotype: 2552, frequency: 5), (genotype: 2502, frequency: 5)],43,500000,38,888889,1,714286
64,56,33,181,[(genotype: 2502, frequency: 6), (genotype: 6263, frequency: 5), (genotype: 2626, frequency: 4)],43,857143,37,900000,1,732143
65,58,31,187,[(genotype: 2502, frequency: 6), (genotype: 6263, frequency: 5), (genotype: 2626, frequency: 4)],42,931034,37,900000,1,741379
66,58,30,180,[(genotype: 2502, frequency: 6), (genotype: 6263, frequency: 5), (genotype: 2626, frequency: 4)],43,224138,37,900000,1,741379
67,59,30,179,[(genotype: 2502, frequency: 6), (genotype: 6263, frequency: 5), (genotype: 2552, frequency: 5)],42,525424,37,900000,1,745763
68,60,30,179,[(genotype: 2502, frequency: 6), (genotype: 6263, frequency: 5), (genotype: 2552, frequency: 5)],41,833333,37,900000,1,750000
69,61,28,176,[(genotype: 2502, frequency: 6), (genotype: 6263, frequency: 5), (genotype: 2552, frequency: 5)],41,639344,37,900000,1,754098
70,62,27,179,[(genotype: 2502, frequency: 6), (genotype: 6263, frequency: 5), (genotype: 2552, frequency: 5)],41,193548,37,900000,1,758065
71,62,29,177,[(genotype: 2502, frequency: 6), (genotype: 6263, frequency: 5), (genotype: 2552, frequency: 5)],40,693548,36,909091,1,790323
72,61,29,174,[(genotype: 2502, frequency: 6), (genotype: 6263, frequency: 5), (genotype: 2552, frequency: 5)],41,344262,36,083333,1,819672
73,61,26,173,[(genotype: 2502, frequency: 6), (genotype: 6263, frequency: 5), (genotype: 2552, frequency: 5)],42,065574,36,083333,1,819672
74,63,25,172,[(genotype: 2502, frequency: 6), (genotype: 6263, frequency: 5), (genotype: 2670, frequency: 5)],40,952381,36,083333,1,825397
75,64,20,172,[(genotype: 2502, frequency: 6), (genotype: 6263, frequency: 5), (genotype: 2670, frequency: 5)],41,437500,36,083333,1,828125
76,67,16,176,[(genotype: 2670, frequency: 6), (genotype: 2502, frequency: 6), (genotype: 6263, frequency: 5)],40,417910,36,083333,1,835821
77,68,19,174,[(genotype: 2502, frequency: 7), (genotype: 2670, frequency: 6), (genotype: 6263, frequency: 5)],39,058824,36,083333,1,838235
78,68,18,171,[(genotype: 2502, frequency: 7), (genotype: 2670, frequency: 6), (genotype: 6263, frequency: 5)],39,176471,35,384615,1,867647
79,70,19,172,[(genotype: 2502, frequency: 7), (genotype: 2670, frequency: 6), (genotype: 6263, frequency: 5)],37,742857,34,785714,1,900000
80,71,18,173,[(genotype: 2502, frequency: 7), (genotype: 2670, frequency: 6), (genotype: 6263, frequency: 5)],37,281690,34,785714,1,901408
81,75,17,175,[(genotype: 2502, frequency: 7), (genotype: 2670, frequency: 6), (genotype: 6263, frequency: 5)],35,346667,34,785714,1,906667
82,76,18,169,[(genotype: 2502, frequency: 7), (genotype: 2670, frequency: 6), (genotype: 6263, frequency: 5)],34,434211,34,785714,1,907895
83,74,18,170,[(genotype: 2502, frequency: 7), (genotype: 2670, frequency: 6), (genotype: 6263, frequency: 5)],34,972973,33,562500,1,959459
84,77,21,172,[(genotype: 2502, frequency: 8), (genotype: 2670, frequency: 6), (genotype: 6263, frequency: 5)],32,545455,35,411765,1,935065
85,78,19,165,[(genotype: 2502, frequency: 8), (genotype: 2670, frequency: 6), (genotype: 6263, frequency: 5)],32,115385,34,666667,1,935897
86,78,19,164,[(genotype: 2502, frequency: 8), (genotype: 2670, frequency: 6), (genotype: 6263, frequency: 5)],31,897436,34,263158,1,961538
87,77,20,161,[(genotype: 2502, frequency: 8), (genotype: 2670, frequency: 6), (genotype: 6263, frequency: 5)],31,896104,36,900000,1,948052
88,77,21,167,[(genotype: 2502, frequency: 8), (genotype: 2670, frequency: 6), (genotype: 6263, frequency: 5)],31,493506,36,428571,1,974026
89,76,21,167,[(genotype: 2502, frequency: 8), (genotype: 2670, frequency: 6), (genotype: 6263, frequency: 4)],31,710526,35,608696,2,026316
90,77,23,159,[(genotype: 2502, frequency: 8), (genotype: 2670, frequency: 6), (genotype: 6263, frequency: 5)],30,701299,35,608696,2,025974
91,78,22,164,[(genotype: 2502, frequency: 7), (genotype: 2670, frequency: 6), (genotype: 2312, frequency: 6)],30,294872,35,250000,2,051282
92,78,22,164,[(genotype: 2502, frequency: 7), (genotype: 2670, frequency: 6), (genotype: 2312, frequency: 6)],30,064103,35,250000,2,051282
93,79,22,162,[(genotype: 2502, frequency: 7), (genotype: 2670, frequency: 6), (genotype: 2312, frequency: 6)],29,455696,35,250000,2,050633
94,79,25,166,[(genotype: 2502, frequency: 7), (genotype: 2670, frequency: 6), (genotype: 2312, frequency: 6)],28,645570,35,250000,2,050633
95,77,20,165,[(genotype: 2670, frequency: 6), (genotype: 2502, frequency: 6), (genotype: 2312, frequency: 6)],30,142857,37,115385,1,974026
96,77,21,166,[(genotype: 2670, frequency: 6), (genotype: 2502, frequency: 6), (genotype: 2312, frequency: 6)],29,727273,37,115385,1,974026
97,75,22,169,[(genotype: 2670, frequency: 6), (genotype: 2502, frequency: 6), (genotype: 2312, frequency: 6)],30,133333,37,758621,2,026667
98,73,22,169,[(genotype: 2502, frequency: 6), (genotype: 2312, frequency: 6), (genotype: 6263, frequency: 5)],30,794521,38,656250,2,000000
99,72,22,170,[(genotype: 2502, frequency: 6), (genotype: 2312, frequency: 6), (genotype: 6263, frequency: 5)],31,069444,42,205882,1,805556
100,74,22,162,[(genotype: 2502, frequency: 6), (genotype: 2312, frequency: 6), (genotype: 6263, frequency: 5)],30,067568,42,205882,1,810811
101,74,19,165,[(genotype: 2502, frequency: 6), (genotype: 2312, frequency: 6), (genotype: 6263, frequency: 5)],30,486486,42,205882,1,810811
102,74,20,167,[(genotype: 2502, frequency: 6), (genotype: 2312, frequency: 6), (genotype: 2670, frequency: 5)],30,108108,42,200000,1,837838
103,75,19,165,[(genotype: 2502, frequency: 6), (genotype: 2312, frequency: 6), (genotype: 2670, frequency: 5)],29,720000,42,200000,1,840000
104,75,20,168,[(genotype: 2312, frequency: 6), (genotype: 2670, frequency: 5), (genotype: 2502, frequency: 5)],29,346667,42,000000,1,840000
105,75,20,167,[(genotype: 2312, frequency: 6), (genotype: 2670, frequency: 5), (genotype: 2502, frequency: 5)],29,160000,41,657895,1,853333
106,75,17,167,[(genotype: 2312, frequency: 6), (genotype: 2670, frequency: 5), (genotype: 2502, frequency: 5)],29,573333,41,282051,1,880000
107,74,17,166,[(genotype: 2312, frequency: 6), (genotype: 2670, frequency: 5), (genotype: 2502, frequency: 5)],29,783784,42,450000,1,797297
108,70,15,167,[(genotype: 2312, frequency: 6), (genotype: 2670, frequency: 5), (genotype: 2502, frequency: 5)],31,771429,42,886364,1,857143
109,67,16,171,[(genotype: 2312, frequency: 6), (genotype: 2670, frequency: 5), (genotype: 2502, frequency: 5)],32,865672,42,914894,1,910448
110,68,15,165,[(genotype: 2312, frequency: 6), (genotype: 6263, frequency: 5), (genotype: 2670, frequency: 5)],32,500000,42,914894,1,911765
111,65,14,173,[(genotype: 2312, frequency: 6), (genotype: 2670, frequency: 5), (genotype: 2502, frequency: 5)],34,169231,42,549020,2,030769
112,64,13,177,[(genotype: 2312, frequency: 6), (genotype: 2670, frequency: 5), (genotype: 2502, frequency: 5)],34,890625,41,962264,2,093750
113,64,14,181,[(genotype: 2670, frequency: 6), (genotype: 2312, frequency: 6), (genotype: 2502, frequency: 5)],34,625000,42,381818,2,093750
114,65,16,173,[(genotype: 2670, frequency: 6), (genotype: 2312, frequency: 6), (genotype: 2502, frequency: 5)],33,569231,42,381818,2,092308
115,65,18,173,[(genotype: 2670, frequency: 6), (genotype: 2312, frequency: 6), (genotype: 2502, frequency: 5)],33,046154,42,107143,2,123077
116,65,19,173,[(genotype: 2670, frequency: 6), (genotype: 2312, frequency: 6), (genotype: 2502, frequency: 5)],32,753846,41,842105,2,153846
117,64,19,171,[(genotype: 2670, frequency: 6), (genotype: 2502, frequency: 5), (genotype: 2312, frequency: 5)],33,203125,41,844828,2,187500
118,63,17,171,[(genotype: 2670, frequency: 6), (genotype: 2502, frequency: 5), (genotype: 2312, frequency: 5)],34,158730,42,135593,2,206349
119,63,19,173,[(genotype: 2670, frequency: 6), (genotype: 2502, frequency: 5), (genotype: 2312, frequency: 5)],33,634921,42,135593,2,206349
120,63,18,172,[(genotype: 2670, frequency: 6), (genotype: 2502, frequency: 5), (genotype: 6263, frequency: 4)],33,841270,41,916667,2,222222
121,63,19,176,[(genotype: 2670, frequency: 6), (genotype: 2502, frequency: 5), (genotype: 6263, frequency: 4)],33,571429,41,918033,2,253968
122,62,18,180,[(genotype: 2670, frequency: 6), (genotype: 2502, frequency: 5), (genotype: 6263, frequency: 4)],34,322581,41,951613,2,274194
123,62,13,174,[(genotype: 2670, frequency: 6), (genotype: 2502, frequency: 5), (genotype: 6263, frequency: 4)],35,258065,41,951613,2,274194
124,63,15,174,[(genotype: 2670, frequency: 6), (genotype: 2502, frequency: 5), (genotype: 6263, frequency: 4)],34,190476,41,951613,2,269841
125,61,16,171,[(genotype: 2670, frequency: 5), (genotype: 2502, frequency: 5), (genotype: 6263, frequency: 4)],35,049180,42,609375,2,245902
126,60,17,172,[(genotype: 2670, frequency: 5), (genotype: 2502, frequency: 5), (genotype: 6263, frequency: 4)],35,383333,43,092308,2,266667
127,60,15,171,[(genotype: 2670, frequency: 5), (genotype: 2502, frequency: 5), (genotype: 6263, frequency: 4)],35,883333,43,092308,2,266667
128,61,17,172,[(genotype: 2502, frequency: 5), (genotype: 6263, frequency: 4), (genotype: 2670, frequency: 4)],34,819672,43,712121,2,196721
129,59,19,180,[(genotype: 2502, frequency: 5), (genotype: 2670, frequency: 4), (genotype: 2312, frequency: 4)],35,525424,43,753623,2,237288
130,59,18,175,[(genotype: 2502, frequency: 5), (genotype: 2670, frequency: 4), (genotype: 2312, frequency: 4)],35,796610,43,753623,2,237288
131,58,18,176,[(genotype: 2502, frequency: 5), (genotype: 2312, frequency: 4), (genotype: 6302, frequency: 3)],36,465517,43,943662,2,293103
132,59,20,176,[(genotype: 2502, frequency: 4), (genotype: 2312, frequency: 4), (genotype: 6302, frequency: 3)],35,389831,44,472222,2,237288
133,60,21,176,[(genotype: 2502, frequency: 4), (genotype: 2312, frequency: 4), (genotype: 6302, frequency: 3)],34,566667,44,472222,2,233333
134,58,20,173,[(genotype: 2502, frequency: 4), (genotype: 2312, frequency: 4), (genotype: 6302, frequency: 3)],36,051724,44,256757,2,275862
135,58,17,175,[(genotype: 2502, frequency: 4), (genotype: 2312, frequency: 4), (genotype: 6302, frequency: 3)],36,862069,44,256757,2,275862
136,59,19,179,[(genotype: 2502, frequency: 4), (genotype: 2312, frequency: 4), (genotype: 6302, frequency: 3)],35,762712,44,256757,2,271186
137,58,18,176,[(genotype: 2502, frequency: 4), (genotype: 2312, frequency: 4), (genotype: 6302, frequency: 3)],36,672414,44,253333,2,293103
138,58,19,179,[(genotype: 2502, frequency: 4), (genotype: 2312, frequency: 4), (genotype: 6302, frequency: 3)],36,448276,44,253333,2,293103
139,58,21,174,[(genotype: 2502, frequency: 4), (genotype: 2312, frequency: 4), (genotype: 6302, frequency: 3)],35,965517,44,253333,2,293103
140,60,22,179,[(genotype: 2502, frequency: 5), (genotype: 2312, frequency: 5), (genotype: 6302, frequency: 3)],34,550000,44,253333,2,283333
141,58,20,174,[(genotype: 2502, frequency: 5), (genotype: 2312, frequency: 5), (genotype: 2052, frequency: 4)],36,310345,44,294872,2,310345
142,57,20,172,[(genotype: 2502, frequency: 5), (genotype: 2312, frequency: 5), (genotype: 2052, frequency: 4)],37,000000,44,265823,2,350877
143,57,22,174,[(genotype: 2312, frequency: 6), (genotype: 2502, frequency: 5), (genotype: 2052, frequency: 4)],36,543860,44,050000,2,385965
144,58,23,177,[(genotype: 2312, frequency: 6), (genotype: 2502, frequency: 5), (genotype: 2052, frequency: 5)],35,706897,44,050000,2,379310
145,59,20,176,[(genotype: 2502, frequency: 6), (genotype: 2312, frequency: 6), (genotype: 2052, frequency: 5)],35,898305,44,050000,2,372881
146,60,23,177,[(genotype: 2502, frequency: 6), (genotype: 2312, frequency: 6), (genotype: 2052, frequency: 5)],34,566667,44,050000,2,366667
147,59,24,178,[(genotype: 2502, frequency: 6), (genotype: 2312, frequency: 6), (genotype: 2052, frequency: 5)],34,915254,44,049383,2,389831
148,59,26,181,[(genotype: 2502, frequency: 7), (genotype: 2312, frequency: 6), (genotype: 2052, frequency: 5)],34,440678,44,048780,2,406780
149,59,26,174,[(genotype: 2502, frequency: 7), (genotype: 2312, frequency: 6), (genotype: 2052, frequency: 5)],34,457627,44,048780,2,406780
150,57,23,176,[(genotype: 2502, frequency: 7), (genotype: 2312, frequency: 6), (genotype: 2052, frequency: 5)],36,508772,45,500000,2,438596
151,55,23,173,[(genotype: 2502, frequency: 6), (genotype: 2312, frequency: 6), (genotype: 2052, frequency: 5)],37,927273,45,988372,2,490909
152,56,22,173,[(genotype: 2502, frequency: 6), (genotype: 2312, frequency: 6), (genotype: 2052, frequency: 5)],37,607143,45,988372,2,482143
153,57,24,178,[(genotype: 2502, frequency: 6), (genotype: 2312, frequency: 6), (genotype: 2052, frequency: 5)],36,508772,47,218391,2,403509
154,58,23,175,[(genotype: 2502, frequency: 6), (genotype: 2312, frequency: 6), (genotype: 2052, frequency: 5)],36,189655,47,218391,2,396552
155,58,24,178,[(genotype: 2502, frequency: 6), (genotype: 2312, frequency: 6), (genotype: 2052, frequency: 6)],36,000000,47,292135,2,448276
156,61,25,177,[(genotype: 2502, frequency: 6), (genotype: 2312, frequency: 6), (genotype: 2052, frequency: 6)],34,016393,47,292135,2,426230
157,63,23,176,[(genotype: 2502, frequency: 6), (genotype: 2312, frequency: 6), (genotype: 2052, frequency: 6)],33,396825,47,292135,2,412698
158,64,19,172,[(genotype: 2502, frequency: 6), (genotype: 2312, frequency: 6), (genotype: 2052, frequency: 6)],33,765625,47,292135,2,406250
159,65,20,175,[(genotype: 2502, frequency: 6), (genotype: 2312, frequency: 6), (genotype: 2052, frequency: 6)],32,984615,48,197802,2,323077
160,64,21,175,[(genotype: 2502, frequency: 6), (genotype: 2312, frequency: 6), (genotype: 2052, frequency: 6)],33,203125,47,967391,2,359375
161,64,23,170,[(genotype: 2502, frequency: 6), (genotype: 2312, frequency: 6), (genotype: 2052, frequency: 6)],32,687500,47,946237,2,359375
162,64,24,172,[(genotype: 2312, frequency: 7), (genotype: 2052, frequency: 6), (genotype: 2502, frequency: 5)],31,406250,49,926316,2,265625
163,61,23,177,[(genotype: 2312, frequency: 7), (genotype: 2052, frequency: 6), (genotype: 6263, frequency: 4)],32,606557,50,755102,2,213115
164,62,21,172,[(genotype: 2312, frequency: 7), (genotype: 2052, frequency: 6), (genotype: 6263, frequency: 5)],32,322581,50,313131,2,241935
165,62,18,168,[(genotype: 2312, frequency: 7), (genotype: 2052, frequency: 6), (genotype: 6263, frequency: 5)],33,016129,50,313131,2,241935
166,62,20,168,[(genotype: 2312, frequency: 7), (genotype: 2052, frequency: 6), (genotype: 6263, frequency: 5)],32,500000,50,313131,2,241935
167,62,18,172,[(genotype: 2312, frequency: 7), (genotype: 2052, frequency: 6), (genotype: 6263, frequency: 5)],32,951613,50,313131,2,241935
168,64,14,173,[(genotype: 2312, frequency: 7), (genotype: 2052, frequency: 6), (genotype: 6263, frequency: 5)],32,593750,50,313131,2,234375
169,64,16,169,[(genotype: 2312, frequency: 7), (genotype: 2052, frequency: 6), (genotype: 6263, frequency: 5)],32,062500,50,313131,2,234375
170,63,16,172,[(genotype: 2312, frequency: 7), (genotype: 2052, frequency: 6), (genotype: 6263, frequency: 5)],32,523810,50,380000,2,269841
171,62,17,170,[(genotype: 2312, frequency: 7), (genotype: 2052, frequency: 6), (genotype: 6263, frequency: 5)],32,774194,50,613861,2,290323
172,62,20,173,[(genotype: 2312, frequency: 7), (genotype: 2052, frequency: 6), (genotype: 6263, frequency: 5)],32,032258,50,549020,2,306452
173,62,20,170,[(genotype: 2312, frequency: 7), (genotype: 6263, frequency: 5), (genotype: 2052, frequency: 5)],32,016129,50,485437,2,322581
174,62,20,174,[(genotype: 2312, frequency: 7), (genotype: 6263, frequency: 5), (genotype: 2052, frequency: 5)],31,983871,50,485437,2,322581
175,63,21,174,[(genotype: 2312, frequency: 7), (genotype: 6263, frequency: 5), (genotype: 2052, frequency: 5)],31,206349,50,485437,2,317460
176,63,22,172,[(genotype: 2312, frequency: 7), (genotype: 6263, frequency: 5), (genotype: 2052, frequency: 5)],30,920635,50,485437,2,317460
177,63,20,172,[(genotype: 2312, frequency: 7), (genotype: 6263, frequency: 5), (genotype: 2052, frequency: 5)],31,349206,50,485437,2,317460
178,63,20,170,[(genotype: 2312, frequency: 7), (genotype: 6263, frequency: 5), (genotype: 2052, frequency: 5)],31,301587,50,485437,2,317460
179,63,21,170,[(genotype: 2312, frequency: 7), (genotype: 6263, frequency: 5), (genotype: 2052, frequency: 5)],31,015873,50,485437,2,317460
180,60,24,174,[(genotype: 2312, frequency: 6), (genotype: 6263, frequency: 5), (genotype: 2502, frequency: 4)],31,816667,50,783019,2,333333
181,59,20,173,[(genotype: 2312, frequency: 6), (genotype: 6263, frequency: 5), (genotype: 2502, frequency: 4)],33,389831,50,579439,2,355932
182,58,22,174,[(genotype: 6263, frequency: 5), (genotype: 2312, frequency: 5), (genotype: 2502, frequency: 4)],33,500000,50,284404,2,431034
183,55,20,175,[(genotype: 6263, frequency: 5), (genotype: 2312, frequency: 5), (genotype: 2502, frequency: 4)],35,963636,49,794643,2,563636
184,55,19,177,[(genotype: 6263, frequency: 5), (genotype: 2312, frequency: 5), (genotype: 2502, frequency: 4)],36,327273,49,794643,2,563636
185,56,18,175,[(genotype: 6263, frequency: 5), (genotype: 2312, frequency: 5), (genotype: 2502, frequency: 4)],36,035714,49,794643,2,553571
186,57,17,175,[(genotype: 6263, frequency: 5), (genotype: 2312, frequency: 5), (genotype: 2502, frequency: 4)],35,736842,49,794643,2,543860
187,56,20,176,[(genotype: 6263, frequency: 5), (genotype: 2312, frequency: 5), (genotype: 2537, frequency: 3)],35,660714,49,543860,2,607143
188,56,19,176,[(genotype: 6263, frequency: 5), (genotype: 2312, frequency: 5), (genotype: 2537, frequency: 3)],36,000000,49,543860,2,607143
189,59,20,179,[(genotype: 6263, frequency: 6), (genotype: 2312, frequency: 5), (genotype: 3052, frequency: 3)],33,983051,49,543860,2,576271
190,60,23,177,[(genotype: 6263, frequency: 6), (genotype: 2312, frequency: 5), (genotype: 3052, frequency: 3)],32,700000,49,478261,2,600000
191,59,20,177,[(genotype: 6263, frequency: 6), (genotype: 2312, frequency: 5), (genotype: 3002, frequency: 3)],34,033898,50,413793,2,423729
192,60,20,173,[(genotype: 6263, frequency: 7), (genotype: 2312, frequency: 5), (genotype: 3002, frequency: 3)],33,483333,50,413793,2,416667
193,60,19,175,[(genotype: 6263, frequency: 7), (genotype: 2312, frequency: 5), (genotype: 3002, frequency: 3)],33,733333,50,413793,2,416667
194,60,20,172,[(genotype: 6263, frequency: 7), (genotype: 2312, frequency: 5), (genotype: 3002, frequency: 3)],33,483333,50,413793,2,416667
195,62,20,173,[(genotype: 6263, frequency: 8), (genotype: 2312, frequency: 5), (genotype: 3002, frequency: 3)],32,403226,50,413793,2,403226
196,63,18,176,[(genotype: 6263, frequency: 8), (genotype: 2312, frequency: 5), (genotype: 6260, frequency: 3)],32,333333,50,413793,2,396825
197,64,18,173,[(genotype: 6263, frequency: 8), (genotype: 2312, frequency: 5), (genotype: 6260, frequency: 3)],31,781250,50,413793,2,390625
198,65,17,168,[(genotype: 6263, frequency: 8), (genotype: 2312, frequency: 6), (genotype: 6260, frequency: 3)],31,461538,50,413793,2,384615
199,64,19,170,[(genotype: 6263, frequency: 8), (genotype: 2312, frequency: 6), (genotype: 6260, frequency: 3)],31,421875,50,726496,2,421875
200,63,19,174,[(genotype: 6263, frequency: 8), (genotype: 2312, frequency: 7), (genotype: 6260, frequency: 3)],31,888889,51,924370,2,365079
201,62,21,171,[(genotype: 6263, frequency: 8), (genotype: 2312, frequency: 7), (genotype: 6260, frequency: 3)],31,629032,51,917355,2,403226
202,60,20,177,[(genotype: 6263, frequency: 8), (genotype: 2312, frequency: 7), (genotype: 6260, frequency: 3)],32,500000,51,894309,2,450000
203,57,20,176,[(genotype: 6263, frequency: 7), (genotype: 2312, frequency: 7), (genotype: 6260, frequency: 3)],34,017544,53,173228,2,456140
204,57,16,175,[(genotype: 6263, frequency: 7), (genotype: 2312, frequency: 7), (genotype: 6260, frequency: 3)],34,859649,53,173228,2,456140
205,57,17,171,[(genotype: 6263, frequency: 7), (genotype: 2312, frequency: 7), (genotype: 6260, frequency: 3)],34,649123,53,173228,2,456140
206,55,17,179,[(genotype: 6263, frequency: 7), (genotype: 2312, frequency: 7), (genotype: 3002, frequency: 3)],36,000000,53,248062,2,527273
207,55,18,174,[(genotype: 6263, frequency: 7), (genotype: 2312, frequency: 7), (genotype: 3002, frequency: 3)],35,818182,53,248062,2,527273
208,56,18,177,[(genotype: 2312, frequency: 8), (genotype: 6263, frequency: 7), (genotype: 3002, frequency: 3)],35,267857,53,248062,2,517857
209,57,16,175,[(genotype: 2312, frequency: 8), (genotype: 6263, frequency: 7), (genotype: 6260, frequency: 3)],35,263158,53,046154,2,543860
210,59,17,179,[(genotype: 2312, frequency: 8), (genotype: 6263, frequency: 7), (genotype: 6260, frequency: 4)],33,881356,52,961832,2,559322
211,59,18,182,[(genotype: 2312, frequency: 8), (genotype: 6263, frequency: 7), (genotype: 6260, frequency: 4)],33,644068,52,961832,2,559322
212,59,17,174,[(genotype: 2312, frequency: 9), (genotype: 6263, frequency: 7), (genotype: 6260, frequency: 4)],33,932203,52,765152,2,593220
213,60,17,172,[(genotype: 2312, frequency: 9), (genotype: 6263, frequency: 7), (genotype: 6260, frequency: 4)],33,383333,52,765152,2,583333
214,59,18,175,[(genotype: 2312, frequency: 9), (genotype: 6263, frequency: 7), (genotype: 6260, frequency: 4)],33,711864,52,684211,2,627119
215,59,18,179,[(genotype: 2312, frequency: 9), (genotype: 6263, frequency: 7), (genotype: 6260, frequency: 4)],33,745763,53,291045,2,644068
216,57,20,182,[(genotype: 2312, frequency: 9), (genotype: 6263, frequency: 6), (genotype: 6260, frequency: 4)],34,473684,52,934307,2,771930
217,55,21,178,[(genotype: 2312, frequency: 9), (genotype: 6263, frequency: 6), (genotype: 6260, frequency: 4)],35,545455,52,561151,2,872727
218,55,19,180,[(genotype: 2312, frequency: 9), (genotype: 6263, frequency: 5), (genotype: 6260, frequency: 4)],36,200000,52,592857,2,909091
219,54,21,180,[(genotype: 2312, frequency: 9), (genotype: 6263, frequency: 4), (genotype: 6260, frequency: 4)],36,425926,52,411348,2,962963
220,55,21,182,[(genotype: 2312, frequency: 9), (genotype: 6263, frequency: 4), (genotype: 6260, frequency: 4)],35,872727,52,411348,2,945455
221,55,20,180,[(genotype: 2312, frequency: 9), (genotype: 6263, frequency: 4), (genotype: 6260, frequency: 4)],36,236364,52,411348,2,945455
222,54,21,179,[(genotype: 2312, frequency: 9), (genotype: 6263, frequency: 4), (genotype: 6260, frequency: 4)],36,759259,52,888112,2,907407
223,56,17,180,[(genotype: 2312, frequency: 9), (genotype: 6263, frequency: 4), (genotype: 6260, frequency: 3)],36,642857,52,708333,2,910714
224,58,18,180,[(genotype: 2312, frequency: 11), (genotype: 6263, frequency: 4), (genotype: 6260, frequency: 3)],35,206897,53,310345,2,844828
225,59,20,179,[(genotype: 2312, frequency: 11), (genotype: 6263, frequency: 4), (genotype: 6260, frequency: 3)],34,135593,53,310345,2,830508
226,59,20,174,[(genotype: 2312, frequency: 11), (genotype: 6263, frequency: 4), (genotype: 6260, frequency: 3)],34,152542,53,310345,2,830508
227,60,23,174,[(genotype: 2312, frequency: 11), (genotype: 6263, frequency: 4), (genotype: 6260, frequency: 3)],32,850000,53,310345,2,816667
228,59,24,179,[(genotype: 2312, frequency: 11), (genotype: 6263, frequency: 4), (genotype: 6260, frequency: 3)],33,169492,53,232877,2,864407
229,58,26,174,[(genotype: 2312, frequency: 11), (genotype: 6263, frequency: 4), (genotype: 6260, frequency: 3)],33,258621,53,986395,2,896552
230,58,23,171,[(genotype: 2312, frequency: 11), (genotype: 6263, frequency: 4), (genotype: 6260, frequency: 3)],34,068966,53,986395,2,896552
231,57,23,174,[(genotype: 2312, frequency: 12), (genotype: 6263, frequency: 3), (genotype: 6260, frequency: 3)],34,736842,55,093960,2,719298
232,57,22,176,[(genotype: 2312, frequency: 12), (genotype: 6263, frequency: 3), (genotype: 6260, frequency: 3)],35,052632,55,093960,2,719298
233,58,18,176,[(genotype: 2312, frequency: 12), (genotype: 6263, frequency: 3), (genotype: 6260, frequency: 3)],35,534483,55,093960,2,706897
234,60,14,177,[(genotype: 2312, frequency: 12), (genotype: 6263, frequency: 3), (genotype: 6260, frequency: 3)],35,383333,55,093960,2,683333
235,61,13,173,[(genotype: 2312, frequency: 13), (genotype: 6263, frequency: 3), (genotype: 6260, frequency: 3)],35,065574,55,420000,2,688525
236,60,14,178,[(genotype: 2312, frequency: 13), (genotype: 6263, frequency: 3), (genotype: 6260, frequency: 3)],35,400000,55,456954,2,700000
237,59,16,172,[(genotype: 2312, frequency: 13), (genotype: 6263, frequency: 3), (genotype: 2626, frequency: 3)],35,508475,55,269737,2,745763
238,62,17,173,[(genotype: 2312, frequency: 14), (genotype: 6263, frequency: 3), (genotype: 6200, frequency: 3)],33,564516,55,269737,2,709677
239,61,17,173,[(genotype: 2312, frequency: 14), (genotype: 6200, frequency: 3), (genotype: 2626, frequency: 3)],34,098361,55,444444,2,672131
240,61,19,176,[(genotype: 2312, frequency: 14), (genotype: 6200, frequency: 3), (genotype: 2626, frequency: 3)],33,590164,55,444444,2,672131
241,64,19,174,[(genotype: 2312, frequency: 14), (genotype: 6200, frequency: 3), (genotype: 2626, frequency: 3)],32,000000,55,444444,2,640625
242,65,22,174,[(genotype: 2312, frequency: 15), (genotype: 6200, frequency: 3), (genotype: 2626, frequency: 3)],30,353846,55,444444,2,630769
243,63,22,170,[(genotype: 2312, frequency: 14), (genotype: 6200, frequency: 3), (genotype: 2626, frequency: 3)],30,507937,56,161290,2,603175
244,62,20,177,[(genotype: 2312, frequency: 12), (genotype: 6200, frequency: 3), (genotype: 2626, frequency: 3)],30,403226,55,796178,2,645161
245,59,18,176,[(genotype: 2312, frequency: 12), (genotype: 6200, frequency: 3), (genotype: 2626, frequency: 3)],31,949153,55,762500,2,677966
246,58,17,174,[(genotype: 2312, frequency: 12), (genotype: 6200, frequency: 3), (genotype: 2626, frequency: 3)],32,534483,55,496894,2,706897
247,57,17,173,[(genotype: 2312, frequency: 12), (genotype: 6200, frequency: 3), (genotype: 2626, frequency: 3)],31,964912,55,320988,2,754386
248,53,18,182,[(genotype: 2312, frequency: 11), (genotype: 2537, frequency: 3), (genotype: 7713, frequency: 2)],34,245283,56,311377,2,716981
249,55,18,179,[(genotype: 2312, frequency: 11), (genotype: 2537, frequency: 3), (genotype: 7713, frequency: 2)],32,854545,56,311377,2,690909
250,54,19,177,[(genotype: 2312, frequency: 11), (genotype: 2537, frequency: 3), (genotype: 7713, frequency: 2)],33,314815,55,964497,2,777778
251,51,19,181,[(genotype: 2312, frequency: 8), (genotype: 2537, frequency: 3), (genotype: 7713, frequency: 2)],34,254902,56,290698,2,862745
252,47,19,183,[(genotype: 2312, frequency: 8), (genotype: 2537, frequency: 3), (genotype: 7713, frequency: 2)],36,680851,56,295455,2,957447
253,48,18,182,[(genotype: 2312, frequency: 9), (genotype: 2537, frequency: 3), (genotype: 7713, frequency: 2)],35,895833,56,807910,2,916667
254,46,21,182,[(genotype: 2312, frequency: 9), (genotype: 2537, frequency: 3), (genotype: 7713, frequency: 2)],36,782609,56,927374,2,978261
255,46,20,182,[(genotype: 2312, frequency: 9), (genotype: 2537, frequency: 3), (genotype: 7713, frequency: 2)],37,108696,58,027778,2,760870
256,48,18,187,[(genotype: 2312, frequency: 10), (genotype: 2622, frequency: 3), (genotype: 2537, frequency: 3)],36,479167,58,027778,2,729167
257,50,21,187,[(genotype: 2312, frequency: 11), (genotype: 6260, frequency: 3), (genotype: 2622, frequency: 3)],34,360000,58,027778,2,700000
258,50,22,184,[(genotype: 2312, frequency: 11), (genotype: 6260, frequency: 3), (genotype: 2622, frequency: 3)],34,260000,58,027778,2,700000
259,51,22,180,[(genotype: 2312, frequency: 11), (genotype: 6260, frequency: 4), (genotype: 2622, frequency: 3)],33,784314,58,027778,2,686275
260,52,22,180,[(genotype: 2312, frequency: 12), (genotype: 6260, frequency: 4), (genotype: 2622, frequency: 3)],33,307692,58,027778,2,673077
261,51,22,180,[(genotype: 2312, frequency: 12), (genotype: 6260, frequency: 4), (genotype: 2622, frequency: 3)],34,137255,58,292818,2,686275
262,50,20,178,[(genotype: 2312, frequency: 12), (genotype: 6260, frequency: 4), (genotype: 2622, frequency: 3)],35,620000,59,197802,2,580000
263,50,19,181,[(genotype: 2312, frequency: 13), (genotype: 6260, frequency: 4), (genotype: 2622, frequency: 3)],36,140000,59,289617,2,580000
